[
  {
    "id": 1,
    "name": "安心居家護理所",
    "city": "臺北市",
    "services": ["居家服務", "喘息服務"],
    "phone": "02-1234-5678",
    "address": "臺北市信義區市府路1號",
    "rating": 4.8,
    "approvalId": "北市衛長字第123號"
  },
  {
    "id": 2,
    "name": "新北慈濟日間照顧中心",
    "city": "新北市",
    "services": ["日間照顧", "喘息服務"],
    "phone": "02-8765-4321",
    "address": "新北市板橋區文化路一段100號",
    "rating": 4.9,
    "approvalId": "新北社長字第456號"
  },
  {
    "id": 3,
    "name": "台中活力居家服務團隊",
    "city": "臺中市",
    "services": ["居家服務"],
    "phone": "04-2345-6789",
    "address": "臺中市西屯區台灣大道二段666號",
    "rating": 4.6,
    "approvalId": "中市衛長字第789號"
  },
  {
    "id": 4,
    "name": "高雄陽光社區照顧關懷據點",
    "city": "高雄市",
    "services": ["日間照顧"],
    "phone": "07-3456-7890",
    "address": "高雄市左營區自由二路200號",
    "rating": 4.7,
    "approvalId": "高市社長字第012號"
  },
  {
    "id": 5,
    "name": "台北市聯合醫院附設居家護理",
    "city": "臺北市",
    "services": ["居家服務", "喘息服務"],
    "phone": "02-2555-3000",
    "address": "臺北市大同區鄭州路145號",
    "rating": 4.5,
    "approvalId": "北市衛長字第111號"
  },
  {
    "id": 6,
    "name": "恩主公醫院三峽日照中心",
    "city": "新北市",
    "services": ["日間照顧"],
    "phone": "02-2672-3456",
    "address": "新北市三峽區復興路399號",
    "rating": 4.8,
    "approvalId": "新北社長字第222號"
  },
  {
    "id": 7,
    "name": "台中市山城地區居家服務",
    "city": "臺中市",
    "services": ["居家服務", "喘息服務"],
    "phone": "04-2588-8888",
    "address": "臺中市豐原區中正路100號",
    "rating": 4.3,
    "approvalId": "中市衛長字第333號"
  },
  {
    "id": 8,
    "name": "高雄長庚醫院喘息服務病房",
    "city": "高雄市",
    "services": ["喘息服務"],
    "phone": "07-731-7123",
    "address": "高雄市鳥松區大埤路123號",
    "rating": 4.2,
    "approvalId": "高市衛長字第444號"
  }
]
